{
  "last_alert_trigger_ts": {
    "aapl-200": 1757950194.454264,
    "msft-300": 1757950194.454264,
    "google200": 1757950194.454264
  }
}